"Time","AccessDirection","Offset","Length","Filesize","ProcessID","ProcessName"
"2025-01-28T05:50:06.727741+00:00","read","0","131072","245825385","421969","file"
"2025-01-28T05:50:06.729036+00:00","read","262144","131072","245825385","421969","file"
"2025-01-28T05:50:06.729813+00:00","read","131072","131072","245825385","421969","file"
"2025-01-28T05:50:06.730924+00:00","read","393216","131072","245825385","421969","file"
"2025-01-28T05:50:06.732393+00:00","read","655360","131072","245825385","421969","file"
"2025-01-28T05:50:06.732445+00:00","read","524288","131072","245825385","421969","file"
"2025-01-28T05:50:06.732946+00:00","read","786432","131072","245825385","421969","file"
"2025-01-28T05:50:06.733121+00:00","read","917504","131072","245825385","421969","file"
"2025-01-28T05:50:06.733279+00:00","read","1048576","131072","245825385","421969","file"
"2025-01-28T05:50:06.733443+00:00","read","1179648","131072","245825385","421969","file"
"2025-01-28T05:50:06.733646+00:00","read","1310720","131072","245825385","421969","file"
"2025-01-28T05:50:06.733927+00:00","read","1441792","131072","245825385","421969","file"
"2025-01-28T05:50:06.735225+00:00","read","1703936","131072","245825385","421969","file"
"2025-01-28T05:50:06.735380+00:00","read","1572864","131072","245825385","421969","file"
"2025-01-28T05:50:06.735806+00:00","read","1835008","131072","245825385","421969","file"
"2025-01-28T05:50:06.735983+00:00","read","1966080","131072","245825385","421969","file"
"2025-01-28T05:50:06.736152+00:00","read","2097152","131072","245825385","421969","file"
"2025-01-28T05:50:06.736318+00:00","read","2228224","131072","245825385","421969","file"
"2025-01-28T05:50:06.736537+00:00","read","2359296","131072","245825385","421969","file"
"2025-01-28T05:50:06.736823+00:00","read","2490368","131072","245825385","421969","file"
"2025-01-28T05:50:06.737062+00:00","read","2621440","131072","245825385","421969","file"
"2025-01-28T05:50:06.737241+00:00","read","2752512","131072","245825385","421969","file"
"2025-01-28T05:50:06.737396+00:00","read","2883584","131072","245825385","421969","file"
"2025-01-28T05:50:06.737556+00:00","read","3014656","131072","245825385","421969","file"
"2025-01-28T05:50:06.737725+00:00","read","3145728","131072","245825385","421969","file"
"2025-01-28T05:50:06.737910+00:00","read","3276800","131072","245825385","421969","file"
"2025-01-28T05:50:06.738063+00:00","read","3407872","131072","245825385","421969","file"
"2025-01-28T05:50:06.738218+00:00","read","3538944","131072","245825385","421969","file"
"2025-01-28T05:50:06.742020+00:00","read","3670016","131072","245825385","421969","file"
"2025-01-28T05:50:06.742081+00:00","read","3801088","131072","245825385","421969","file"
"2025-01-28T05:50:06.742624+00:00","read","3932160","131072","245825385","421969","file"
"2025-01-28T05:50:06.742797+00:00","read","4063232","131072","245825385","421969","file"
"2025-01-28T05:50:06.742976+00:00","read","4194304","131072","245825385","421969","file"
"2025-01-28T05:50:06.743156+00:00","read","4325376","131072","245825385","421969","file"
"2025-01-28T05:50:06.743311+00:00","read","4456448","131072","245825385","421969","file"
"2025-01-28T05:50:06.743580+00:00","read","4587520","131072","245825385","421969","file"
"2025-01-28T05:50:06.743921+00:00","read","4849664","131072","245825385","421969","file"
"2025-01-28T05:50:06.743830+00:00","read","4718592","131072","245825385","421969","file"
"2025-01-28T05:50:06.744539+00:00","read","5111808","131072","245825385","421969","file"
"2025-01-28T05:50:06.744580+00:00","read","4980736","131072","245825385","421969","file"
"2025-01-28T05:50:06.745067+00:00","read","5242880","131072","245825385","421969","file"
"2025-01-28T05:50:06.745156+00:00","read","5373952","131072","245825385","421969","file"
"2025-01-28T05:50:06.745531+00:00","read","5505024","131072","245825385","421969","file"
"2025-01-28T05:50:06.745688+00:00","read","5636096","131072","245825385","421969","file"
"2025-01-28T05:50:06.745842+00:00","read","5767168","131072","245825385","421969","file"
"2025-01-28T05:50:06.746036+00:00","read","5898240","131072","245825385","421969","file"
"2025-01-28T05:50:06.746203+00:00","read","6029312","131072","245825385","421969","file"
"2025-01-28T05:50:06.746356+00:00","read","6160384","131072","245825385","421969","file"
"2025-01-28T05:50:06.746550+00:00","read","6291456","131072","245825385","421969","file"
"2025-01-28T05:50:06.746746+00:00","read","6422528","131072","245825385","421969","file"
"2025-01-28T05:50:06.746906+00:00","read","6553600","131072","245825385","421969","file"
"2025-01-28T05:50:06.747061+00:00","read","6684672","131072","245825385","421969","file"
"2025-01-28T05:50:06.747242+00:00","read","6815744","131072","245825385","421969","file"
"2025-01-28T05:50:06.747445+00:00","read","6946816","131072","245825385","421969","file"
"2025-01-28T05:50:06.747708+00:00","read","7077888","131072","245825385","421969","file"
"2025-01-28T05:50:06.747863+00:00","read","7208960","131072","245825385","421969","file"
"2025-01-28T05:50:06.748012+00:00","read","7340032","131072","245825385","421969","file"
"2025-01-28T05:50:06.753860+00:00","read","238481408","131072","245825385","421969","file"
"2025-01-28T05:50:06.755914+00:00","read","238612480","131072","245825385","421969","file"
"2025-01-28T05:50:06.755946+00:00","read","238743552","131072","245825385","421969","file"
"2025-01-28T05:50:06.756367+00:00","read","238874624","131072","245825385","421969","file"
"2025-01-28T05:50:06.756470+00:00","read","239005696","131072","245825385","421969","file"
"2025-01-28T05:50:06.758364+00:00","read","239136768","131072","245825385","421969","file"
"2025-01-28T05:50:06.758322+00:00","read","239267840","131072","245825385","421969","file"
"2025-01-28T05:50:06.758710+00:00","read","239398912","131072","245825385","421969","file"
"2025-01-28T05:50:06.758854+00:00","read","239529984","131072","245825385","421969","file"
"2025-01-28T05:50:06.759032+00:00","read","239661056","131072","245825385","421969","file"
"2025-01-28T05:50:06.759162+00:00","read","239792128","131072","245825385","421969","file"
"2025-01-28T05:50:06.759332+00:00","read","239923200","131072","245825385","421969","file"
"2025-01-28T05:50:06.759468+00:00","read","240054272","131072","245825385","421969","file"
"2025-01-28T05:50:06.763718+00:00","read","240185344","131072","245825385","421969","file"
"2025-01-28T05:50:06.763865+00:00","read","240316416","131072","245825385","421969","file"
"2025-01-28T05:50:06.764979+00:00","read","240447488","131072","245825385","421969","file"
"2025-01-28T05:50:06.765508+00:00","read","240578560","131072","245825385","421969","file"
"2025-01-28T05:50:06.766394+00:00","read","240709632","131072","245825385","421969","file"
"2025-01-28T05:50:06.766905+00:00","read","240840704","131072","245825385","421969","file"
"2025-01-28T05:50:06.767365+00:00","read","240971776","131072","245825385","421969","file"
"2025-01-28T05:50:06.767875+00:00","read","241102848","131072","245825385","421969","file"
"2025-01-28T05:50:06.768409+00:00","read","241233920","131072","245825385","421969","file"
"2025-01-28T05:50:06.769174+00:00","read","241364992","131072","245825385","421969","file"
"2025-01-28T05:50:06.769689+00:00","read","241496064","131072","245825385","421969","file"
"2025-01-28T05:50:06.770213+00:00","read","241627136","131072","245825385","421969","file"
"2025-01-28T05:50:06.770872+00:00","read","241758208","131072","245825385","421969","file"
"2025-01-28T05:50:06.771563+00:00","read","241889280","131072","245825385","421969","file"
"2025-01-28T05:50:06.772079+00:00","read","242020352","131072","245825385","421969","file"
"2025-01-28T05:50:06.772645+00:00","read","242151424","131072","245825385","421969","file"
"2025-01-28T05:50:06.773119+00:00","read","242282496","131072","245825385","421969","file"
"2025-01-28T05:50:06.773652+00:00","read","242413568","131072","245825385","421969","file"
"2025-01-28T05:50:06.773955+00:00","read","242544640","131072","245825385","421969","file"
"2025-01-28T05:50:06.775267+00:00","read","242806784","131072","245825385","421969","file"
"2025-01-28T05:50:06.774968+00:00","read","242675712","131072","245825385","421969","file"
"2025-01-28T05:50:06.776633+00:00","read","242937856","131072","245825385","421969","file"
"2025-01-28T05:50:06.776965+00:00","read","243068928","131072","245825385","421969","file"
"2025-01-28T05:50:06.777861+00:00","read","243200000","131072","245825385","421969","file"
"2025-01-28T05:50:06.778170+00:00","read","243331072","131072","245825385","421969","file"
"2025-01-28T05:50:06.778996+00:00","read","243462144","131072","245825385","421969","file"
"2025-01-28T05:50:06.779277+00:00","read","243593216","131072","245825385","421969","file"
"2025-01-28T05:50:06.780210+00:00","read","243724288","131072","245825385","421969","file"
"2025-01-28T05:50:06.780501+00:00","read","243855360","131072","245825385","421969","file"
"2025-01-28T05:50:06.781497+00:00","read","243986432","131072","245825385","421969","file"
"2025-01-28T05:50:06.781735+00:00","read","244117504","131072","245825385","421969","file"
"2025-01-28T05:50:06.782792+00:00","read","244248576","131072","245825385","421969","file"
"2025-01-28T05:50:06.783126+00:00","read","244379648","131072","245825385","421969","file"
"2025-01-28T05:50:06.784097+00:00","read","244510720","131072","245825385","421969","file"
"2025-01-28T05:50:06.784444+00:00","read","244641792","131072","245825385","421969","file"
"2025-01-28T05:50:06.785333+00:00","read","244772864","131072","245825385","421969","file"
"2025-01-28T05:50:06.785683+00:00","read","244903936","131072","245825385","421969","file"
"2025-01-28T05:50:06.786696+00:00","read","245035008","131072","245825385","421969","file"
"2025-01-28T05:50:06.786954+00:00","read","245166080","131072","245825385","421969","file"
"2025-01-28T05:50:06.788044+00:00","read","245297152","131072","245825385","421969","file"
"2025-01-28T05:50:06.788297+00:00","read","245428224","131072","245825385","421969","file"
"2025-01-28T05:50:06.789355+00:00","read","245559296","131072","245825385","421969","file"
"2025-01-28T05:50:06.789584+00:00","read","245690368","131072","245825385","421969","file"
"2025-01-28T05:50:06.790631+00:00","read","245821440","3945","245825385","421969","file"
